"Audit ID","DataSource"
"AUD679","AUDITDS140"
"AUD682","AUDITDS140"
"AUD685","AUDITDS140"
"AUD688","AUDITDS140"
"AUD691","AUDITDS140"
"AUD697","AUDITDS140"
"AUD694","AUDITDS140"
"AUD149","AUDITDS30"
"AUD150","AUDITDS30"
"AUD151","AUDITDS30"
"AUD152","AUDITDS30"
"AUD153","AUDITDS30"
"AUD174","AUDITDS39"
"AUD175","AUDITDS39"
"AUD176","AUDITDS39"
"AUD154","AUDITDS30"
"AUD502","AUDITDS107"
"AUD667","AUDITDS140"
"AUD658","AUDITDS140"
"AUD655","AUDITDS140"
"AUD664","AUDITDS140"
"AUD333","AUDITDS71"
"AUD646","AUDITDS140"
"AUD649","AUDITDS140"
"AUD670","AUDITDS140"
"AUD337","AUDITDS71"
"AUD334","AUDITDS71"
"AUD335","AUDITDS71"
"AUD506","AUDITDS107"
"AUD507","AUDITDS107"
"AUD508","AUDITDS107"
"AUD652","AUDITDS140"
